{"cameraMode":{"drawMode":0,"name":"Shaded","section":"Shading Mode"},"sceneLighting":true,"audioPlay":false,"sceneViewState":{"m_AlwaysRefresh":false,"showFog":true,"showSkybox":true,"showFlares":true,"showImageEffects":true,"showParticleSystems":true,"showVisualEffectGraphs":true,"m_FxEnabled":true},"in2DMode":false,"pivot":{"x":0.36875203251838686,"y":0.8758496046066284,"z":-0.40239474177360537},"rotation":{"x":0.06662567704916,"y":-0.6709735989570618,"z":0.06077445298433304,"w":0.7360225319862366},"size":0.4597805142402649,"orthographic":false}